account_id,subject,sentiment,summary
ACC001,AI Discussion 1,Positive,Interested in enterprise AI.
ACC001,AI Discussion 2,Positive,Interested in enterprise AI.
ACC001,AI Discussion 3,Positive,Interested in enterprise AI.
ACC002,AI Discussion 1,Positive,Interested in enterprise AI.
ACC002,AI Discussion 2,Positive,Interested in enterprise AI.
ACC002,AI Discussion 3,Positive,Interested in enterprise AI.
ACC003,AI Discussion 1,Positive,Interested in enterprise AI.
ACC003,AI Discussion 2,Positive,Interested in enterprise AI.
ACC003,AI Discussion 3,Positive,Interested in enterprise AI.
ACC004,AI Discussion 1,Positive,Interested in enterprise AI.
ACC004,AI Discussion 2,Positive,Interested in enterprise AI.
ACC004,AI Discussion 3,Positive,Interested in enterprise AI.
ACC005,AI Discussion 1,Positive,Interested in enterprise AI.
ACC005,AI Discussion 2,Positive,Interested in enterprise AI.
ACC005,AI Discussion 3,Positive,Interested in enterprise AI.
ACC006,AI Discussion 1,Positive,Interested in enterprise AI.
ACC006,AI Discussion 2,Positive,Interested in enterprise AI.
ACC006,AI Discussion 3,Positive,Interested in enterprise AI.
ACC007,AI Discussion 1,Positive,Interested in enterprise AI.
ACC007,AI Discussion 2,Positive,Interested in enterprise AI.
ACC007,AI Discussion 3,Positive,Interested in enterprise AI.
ACC008,AI Discussion 1,Positive,Interested in enterprise AI.
ACC008,AI Discussion 2,Positive,Interested in enterprise AI.
ACC008,AI Discussion 3,Positive,Interested in enterprise AI.
ACC009,AI Discussion 1,Positive,Interested in enterprise AI.
ACC009,AI Discussion 2,Positive,Interested in enterprise AI.
ACC009,AI Discussion 3,Positive,Interested in enterprise AI.
ACC010,AI Discussion 1,Positive,Interested in enterprise AI.
ACC010,AI Discussion 2,Positive,Interested in enterprise AI.
ACC010,AI Discussion 3,Positive,Interested in enterprise AI.
ACC011,AI Discussion 1,Positive,Interested in enterprise AI.
ACC011,AI Discussion 2,Positive,Interested in enterprise AI.
ACC011,AI Discussion 3,Positive,Interested in enterprise AI.
ACC012,AI Discussion 1,Positive,Interested in enterprise AI.
ACC012,AI Discussion 2,Positive,Interested in enterprise AI.
ACC012,AI Discussion 3,Positive,Interested in enterprise AI.
ACC013,AI Discussion 1,Positive,Interested in enterprise AI.
ACC013,AI Discussion 2,Positive,Interested in enterprise AI.
ACC013,AI Discussion 3,Positive,Interested in enterprise AI.
ACC014,AI Discussion 1,Positive,Interested in enterprise AI.
ACC014,AI Discussion 2,Positive,Interested in enterprise AI.
ACC014,AI Discussion 3,Positive,Interested in enterprise AI.
ACC015,AI Discussion 1,Positive,Interested in enterprise AI.
ACC015,AI Discussion 2,Positive,Interested in enterprise AI.
ACC015,AI Discussion 3,Positive,Interested in enterprise AI.
ACC016,AI Discussion 1,Positive,Interested in enterprise AI.
ACC016,AI Discussion 2,Positive,Interested in enterprise AI.
ACC016,AI Discussion 3,Positive,Interested in enterprise AI.
ACC017,AI Discussion 1,Positive,Interested in enterprise AI.
ACC017,AI Discussion 2,Positive,Interested in enterprise AI.
ACC017,AI Discussion 3,Positive,Interested in enterprise AI.
ACC018,AI Discussion 1,Positive,Interested in enterprise AI.
ACC018,AI Discussion 2,Positive,Interested in enterprise AI.
ACC018,AI Discussion 3,Positive,Interested in enterprise AI.
ACC019,AI Discussion 1,Positive,Interested in enterprise AI.
ACC019,AI Discussion 2,Positive,Interested in enterprise AI.
ACC019,AI Discussion 3,Positive,Interested in enterprise AI.
ACC020,AI Discussion 1,Positive,Interested in enterprise AI.
ACC020,AI Discussion 2,Positive,Interested in enterprise AI.
ACC020,AI Discussion 3,Positive,Interested in enterprise AI.
