account_id,document,visibility
ACC001,Architecture.pdf,Internal
ACC002,Architecture.pdf,Internal
ACC003,Architecture.pdf,Internal
ACC004,Architecture.pdf,Internal
ACC005,Architecture.pdf,Internal
ACC006,Architecture.pdf,Internal
ACC007,Architecture.pdf,Internal
ACC008,Architecture.pdf,Internal
ACC009,Architecture.pdf,Internal
ACC010,Architecture.pdf,Internal
ACC011,Architecture.pdf,Internal
ACC012,Architecture.pdf,Internal
ACC013,Architecture.pdf,Internal
ACC014,Architecture.pdf,Internal
ACC015,Architecture.pdf,Internal
ACC016,Architecture.pdf,Internal
ACC017,Architecture.pdf,Internal
ACC018,Architecture.pdf,Internal
ACC019,Architecture.pdf,Internal
ACC020,Architecture.pdf,Internal
